{
    "sessions": [
        {
            "progressAtFinish": 0.0044098388671875,
            "utilityAtFinish": 0.4901098624,
            "didAccept": false,
            "isGood": false,
            "topBidsPercentage": 0.0033333333333333335,
            "forceAcceptAtRemainingTurns": 1
        }
    ]
}