{
    "sessions": [
        {
            "progressAtFinish": 0.0043944580078125,
            "utilityAtFinish": 0.1548240872,
            "didAccept": false,
            "isGood": false,
            "topBidsPercentage": 0.0033333333333333335,
            "forceAcceptAtRemainingTurns": 1
        }
    ]
}