{
    "sessions": [
        {
            "progressAtFinish": 0.950081494140625,
            "utilityAtFinish": 0.5142312623,
            "didAccept": false,
            "isGood": false,
            "topBidsPercentage": 0.0033333333333333335,
            "forceAcceptAtRemainingTurns": 1
        }
    ]
}