{
         "_LearnedData__opponentName": null,
         "_LearnedData__avgUtility": 0.936910694,
         "_LearnedData__numEncounters": 1,
         "_LearnedData__avgMaxUtilityOpponent": 0.936910694,
         "_LearnedData__stdUtility": 0.0,
         "_LearnedData__negoResults": [
                  0.936910694
         ],
         "_LearnedData__avgOpponentUtility": 0.7016348048718829,
         "_LearnedData__opponentAlpha": 10.7,
         "_LearnedData__opponentUtilByTime": [
                  0.7274363761411866,
                  0.7223079627233135,
                  0.8093919515816181,
                  0.7648162558495266,
                  0.8054362954475762,
                  0.7779040332291005,
                  0.7983498038317325,
                  0.7902145780661509,
                  0.8185480189937363,
                  0.8098577650261924,
                  0.7652010806969793,
                  0.8429271842025856,
                  0.8200004270679935,
                  0.7920344185471071,
                  0.8856159492100333,
                  0.8982543469197671,
                  0.9319608250007221,
                  0.9791288084830071,
                  1.0,
                  0.8142118207199638,
                  0.8249453193882534,
                  0.7725079197857421,
                  0.8062378541032393,
                  0.8122501412683722,
                  0.8060524727529056,
                  0.7544965934053736,
                  0.7108519169248774,
                  0.7535593279340433,
                  0.8003790718157375,
                  0.8493632761337162,
                  0.8991110582711431,
                  0.9489422897687736,
                  0.9897066063074302,
                  1.0,
                  1.0,
                  1.0,
                  0.8508174024359414,
                  0.0,
                  0.0,
                  0.0
         ],
         "_LearnedData__opponentMaxReject": [
                  0.8826961847613326,
                  0.8289200723421768,
                  0.8910321770454562,
                  0.9492998329627983,
                  0.950685046290135,
                  0.9257345942984213,
                  0.9337369677402587,
                  0.9384984194372921,
                  0.9277537879077745,
                  0.8509957488782781,
                  0.8850061432738552,
                  0.8727301431867043,
                  0.9262105324759347,
                  0.8761532865576015,
                  0.9436529003729094,
                  0.8707332175312889,
                  0.8521759606724838,
                  0.7979920830529456,
                  0.784072555353178,
                  0.7220782381122212,
                  0.6885619320850056,
                  0.6119039018034003,
                  0.6369398186559724,
                  0.6194927609277473,
                  0.591056133297764,
                  0.49532423571690704,
                  0.5002104947276632,
                  0.6652276160183663,
                  0.6232030141494234,
                  0.6925800410511076,
                  0.6470325365713759,
                  0.7160392226754084,
                  0.7471964579416355,
                  0.7227673576018627,
                  0.649157332252851,
                  0.6862332588501927,
                  0.590797567109676,
                  0.0,
                  0.0,
                  0.0
         ]
}