{
         "_LearnedData__opponentName": null,
         "_LearnedData__avgUtility": 0.6437740932506434,
         "_LearnedData__numEncounters": 46,
         "_LearnedData__avgMaxUtilityOpponent": 0.6315564142065221,
         "_LearnedData__stdUtility": 0.2801976833494139,
         "_LearnedData__negoResults": [
                  0.936910694,
                  0.95814,
                  0.3122175916,
                  0.4272364631,
                  0.4293405683,
                  0.2582460208,
                  0.3313427924,
                  0.5787971571,
                  0.5142312623,
                  0.4293405683,
                  0.3387511396,
                  0.3334468976,
                  0.4659243771,
                  0.4325973911,
                  0.3185171292,
                  0.5787971571,
                  0.307532758,
                  0.3228119156,
                  0.4659243771,
                  0.4939064631,
                  0.307532758,
                  0.4975187879,
                  0.4659243771,
                  0.5142312623,
                  0.5142312623,
                  0.5142312623,
                  0.4329528931,
                  0.9612539584,
                  0.9612539584,
                  0.9612539584,
                  0.9612539584,
                  0.9612539584,
                  0.954963904,
                  0.9612539584,
                  0.978770694,
                  0.5142312623,
                  0.9589412004,
                  0.978770694,
                  0.9589412004,
                  0.9436987116,
                  0.9589412004,
                  0.9589412004,
                  0.9465602612,
                  0.7942421228,
                  0.0,
                  0.8564335252
         ],
         "_LearnedData__avgOpponentUtility": 0.09837681512088615,
         "_LearnedData__opponentAlpha": 10.7,
         "_LearnedData__opponentUtilByTime": [
                  0.6475639747519943,
                  0.6565535677391016,
                  0.5950456201478473,
                  0.4291673196723237,
                  0.41347848953397204,
                  0.38143612178728353,
                  0.3918343546254519,
                  0.47272107252966394,
                  0.46246958276462624,
                  0.3710399785904891,
                  0.3752861723485548,
                  0.3865804746300866,
                  0.40057172556958603,
                  0.42310688026363386,
                  0.3772145393519581,
                  0.35274190235261876,
                  0.3658304307416984,
                  0.37615292331210065,
                  0.31868299286949564,
                  0.27649944150150385,
                  0.2120633725241463,
                  0.2464984849866701,
                  0.2535721862919569,
                  0.26360378544691804,
                  0.27194513954257704,
                  0.23259388564220163,
                  0.2384357804301116,
                  0.24735772027893863,
                  0.2655494514444786,
                  0.38746573535783285,
                  0.41149131757163426,
                  0.4307326711967053,
                  0.4375891997392622,
                  0.4891613307156378,
                  0.7069533398544684,
                  0.7245280156553506,
                  0.6515804725662572,
                  0.0,
                  0.0,
                  0.0
         ],
         "_LearnedData__opponentMaxReject": [
                  0.29089576452126004,
                  0.347684260456527,
                  0.3199094519629631,
                  0.3546539504329107,
                  0.3450133245690194,
                  0.3494759220118323,
                  0.35929262615333724,
                  0.36461975739492164,
                  0.3129475250325097,
                  0.34877833754525117,
                  0.38540668724510674,
                  0.36617379512743053,
                  0.3305497674765361,
                  0.35426592515131017,
                  0.35975358419749337,
                  0.31036810423613587,
                  0.36451421161980924,
                  0.3820764349775104,
                  0.40447352756880456,
                  0.3814123304733267,
                  0.41070848016049866,
                  0.41770628398942816,
                  0.42079285133845035,
                  0.43644732282883714,
                  0.4721148435072605,
                  0.4456295301337114,
                  0.4461915183733012,
                  0.3802749488986867,
                  0.4001744004527438,
                  0.40025531517725177,
                  0.3743697510916647,
                  0.3738538487141072,
                  0.42552404189298865,
                  0.3938223175188684,
                  0.22134495237210922,
                  0.2326331189718438,
                  0.2031612311735713,
                  0.0,
                  0.0,
                  32.623339405093894
         ]
}