{
         "_LearnedData__opponentName": null,
         "_LearnedData__avgUtility": 0.6713372344299923,
         "_LearnedData__numEncounters": 51,
         "_LearnedData__avgMaxUtilityOpponent": 0.6603173670568632,
         "_LearnedData__stdUtility": 0.28030856918034364,
         "_LearnedData__negoResults": [
                  0.936910694,
                  0.95814,
                  0.3122175916,
                  0.4272364631,
                  0.4293405683,
                  0.2582460208,
                  0.3313427924,
                  0.5787971571,
                  0.5142312623,
                  0.4293405683,
                  0.3387511396,
                  0.3334468976,
                  0.4659243771,
                  0.4325973911,
                  0.3185171292,
                  0.5787971571,
                  0.307532758,
                  0.3228119156,
                  0.4659243771,
                  0.4939064631,
                  0.307532758,
                  0.4975187879,
                  0.4659243771,
                  0.5142312623,
                  0.5142312623,
                  0.5142312623,
                  0.4329528931,
                  0.9612539584,
                  0.9612539584,
                  0.9612539584,
                  0.9612539584,
                  0.9612539584,
                  0.954963904,
                  0.9612539584,
                  0.978770694,
                  0.5142312623,
                  0.9589412004,
                  0.978770694,
                  0.9589412004,
                  0.9436987116,
                  0.9589412004,
                  0.9589412004,
                  0.9465602612,
                  0.7942421228,
                  0.0,
                  0.8564335252,
                  0.9530274604,
                  0.9658531236,
                  0.8753730892,
                  0.954963904,
                  0.8753730892
         ],
         "_LearnedData__avgOpponentUtility": 0.14141984942775843,
         "_LearnedData__opponentAlpha": 1.2457499256388687,
         "_LearnedData__opponentUtilByTime": [
                  0.8061746631787651,
                  0.8306129889901243,
                  0.8288913543531774,
                  0.7373966240043601,
                  0.7030095548318223,
                  0.7012496404880334,
                  0.702907716799346,
                  0.7211230542290106,
                  0.7148628061506526,
                  0.6990148320318859,
                  0.7011560603804461,
                  0.6766757987635651,
                  0.67743708772082,
                  0.6860602964528723,
                  0.7055014843640564,
                  0.7458632073693012,
                  0.7371049647957286,
                  0.7373380244328017,
                  0.5423349374603407,
                  0.47839510814037234,
                  0.5240933421557523,
                  0.5461025072072081,
                  0.5381238816114919,
                  0.5336139288163755,
                  0.5292732197728982,
                  0.5168671194739175,
                  0.5065115431730172,
                  0.5225622416186885,
                  0.5108809928804889,
                  0.544978356777269,
                  0.548992230638843,
                  0.5627757664412043,
                  0.5721350002047219,
                  0.5337111678427765,
                  0.8801105263129433,
                  0.9019898446454343,
                  0.8111749394430704,
                  0.0,
                  0.0,
                  0.0
         ],
         "_LearnedData__opponentMaxReject": [
                  0.5231767396275296,
                  0.5016617512745047,
                  0.5026312641083126,
                  0.5157729606378741,
                  0.4495166478289301,
                  0.5090140920805173,
                  0.5118150112456569,
                  0.4918124386419672,
                  0.4811181249785389,
                  0.48041305551253766,
                  0.49062952044039043,
                  0.44534225351766143,
                  0.4817053976727,
                  0.5261437017174515,
                  0.5237173976841372,
                  0.5266185590898035,
                  0.4694412380930384,
                  0.44793397817989666,
                  0.4746993867100052,
                  0.4679947815356938,
                  0.5538124308814193,
                  0.5567070756578044,
                  0.5419983871446613,
                  0.5134008941362007,
                  0.5435316345624994,
                  0.556627904349655,
                  0.5662954984949451,
                  0.5702527278905551,
                  0.5732557051601215,
                  0.5618343648249758,
                  0.6132007349975404,
                  0.5922486246764637,
                  0.6425970642085729,
                  0.6580060977053428,
                  0.39808943490680326,
                  0.4183912299767342,
                  0.3653859681285794,
                  0.0,
                  0.0,
                  58.673155223860064
         ]
}