{
         "_LearnedData__opponentName": null,
         "_LearnedData__avgUtility": 0.6899550586660276,
         "_LearnedData__numEncounters": 58,
         "_LearnedData__avgMaxUtilityOpponent": 0.6802651752862071,
         "_LearnedData__stdUtility": 0.2711917791044844,
         "_LearnedData__negoResults": [
                  0.936910694,
                  0.95814,
                  0.3122175916,
                  0.4272364631,
                  0.4293405683,
                  0.2582460208,
                  0.3313427924,
                  0.5787971571,
                  0.5142312623,
                  0.4293405683,
                  0.3387511396,
                  0.3334468976,
                  0.4659243771,
                  0.4325973911,
                  0.3185171292,
                  0.5787971571,
                  0.307532758,
                  0.3228119156,
                  0.4659243771,
                  0.4939064631,
                  0.307532758,
                  0.4975187879,
                  0.4659243771,
                  0.5142312623,
                  0.5142312623,
                  0.5142312623,
                  0.4329528931,
                  0.9612539584,
                  0.9612539584,
                  0.9612539584,
                  0.9612539584,
                  0.9612539584,
                  0.954963904,
                  0.9612539584,
                  0.978770694,
                  0.5142312623,
                  0.9589412004,
                  0.978770694,
                  0.9589412004,
                  0.9436987116,
                  0.9589412004,
                  0.9589412004,
                  0.9465602612,
                  0.7942421228,
                  0.0,
                  0.8564335252,
                  0.9530274604,
                  0.9658531236,
                  0.8753730892,
                  0.954963904,
                  0.8753730892,
                  0.936910694,
                  0.7886487896,
                  0.8710418944,
                  0.936910694,
                  0.8038952712,
                  0.8629899464,
                  0.5787971571
         ],
         "_LearnedData__avgOpponentUtility": 0.17825967884558896,
         "_LearnedData__opponentAlpha": 1.290087307490424,
         "_LearnedData__opponentUtilByTime": [
                  0.7749710266177836,
                  0.8681582816172722,
                  0.8566505428660827,
                  0.7773798428439699,
                  0.7131702033261856,
                  0.6749564254206621,
                  0.7429404794488386,
                  0.7648060575127995,
                  0.7202368660420416,
                  0.559798856265964,
                  0.5663838496344318,
                  0.6613691395324933,
                  0.6383204595450315,
                  0.5994771167151918,
                  0.6088324318548564,
                  0.5422427711350634,
                  0.5104746819327555,
                  0.5196879309340451,
                  0.5376960300669125,
                  0.5127718733896084,
                  0.5772626308497857,
                  0.501203194693553,
                  0.533731522218444,
                  0.5286510083683601,
                  0.5856146678092968,
                  0.4572365473608123,
                  0.463167953882762,
                  0.6180647645410703,
                  0.5983465461192131,
                  0.6697169455544446,
                  0.689130261505415,
                  0.6718971647514085,
                  0.6186073558033348,
                  0.6333150849484931,
                  0.807067145324734,
                  0.8142287505057869,
                  0.7362162357878752,
                  0.16708759628498016,
                  0.0,
                  0.0
         ],
         "_LearnedData__opponentMaxReject": [
                  0.5698451013377628,
                  0.6368535796536412,
                  0.6630196240550819,
                  0.6405418603835814,
                  0.7066185915422594,
                  0.7048244953226693,
                  0.7036704263287276,
                  0.6719053653090822,
                  0.6759577082377619,
                  0.6662875225247697,
                  0.6516305720524823,
                  0.6950569424488697,
                  0.706482510343876,
                  0.7380897760073604,
                  0.6994616126462138,
                  0.7157672685237468,
                  0.6964580297011841,
                  0.6857313074388786,
                  0.6545626054082536,
                  0.5685144918089311,
                  0.6771073200005996,
                  0.6360936745791537,
                  0.4799746776145995,
                  0.6550368845737413,
                  0.586432624317514,
                  0.6932776346433379,
                  0.5906818903235449,
                  0.675836367770042,
                  0.6688134412030882,
                  0.6245003419060441,
                  0.7558513173970424,
                  0.715779784383444,
                  0.6411199311169373,
                  0.7398078155111134,
                  0.5965025302290772,
                  0.5851328717255466,
                  0.5432785939708265,
                  0.12520493094913496,
                  0.0,
                  47.441281085572356
         ]
}