{
         "_LearnedData__opponentName": null,
         "_LearnedData__avgUtility": 0.6569268515318666,
         "_LearnedData__numEncounters": 48,
         "_LearnedData__avgMaxUtilityOpponent": 0.645218242447917,
         "_LearnedData__stdUtility": 0.28200720121031075,
         "_LearnedData__negoResults": [
                  0.936910694,
                  0.95814,
                  0.3122175916,
                  0.4272364631,
                  0.4293405683,
                  0.2582460208,
                  0.3313427924,
                  0.5787971571,
                  0.5142312623,
                  0.4293405683,
                  0.3387511396,
                  0.3334468976,
                  0.4659243771,
                  0.4325973911,
                  0.3185171292,
                  0.5787971571,
                  0.307532758,
                  0.3228119156,
                  0.4659243771,
                  0.4939064631,
                  0.307532758,
                  0.4975187879,
                  0.4659243771,
                  0.5142312623,
                  0.5142312623,
                  0.5142312623,
                  0.4329528931,
                  0.9612539584,
                  0.9612539584,
                  0.9612539584,
                  0.9612539584,
                  0.9612539584,
                  0.954963904,
                  0.9612539584,
                  0.978770694,
                  0.5142312623,
                  0.9589412004,
                  0.978770694,
                  0.9589412004,
                  0.9436987116,
                  0.9589412004,
                  0.9589412004,
                  0.9465602612,
                  0.7942421228,
                  0.0,
                  0.8564335252,
                  0.9530274604,
                  0.9658531236
         ],
         "_LearnedData__avgOpponentUtility": 0.11576403027022325,
         "_LearnedData__opponentAlpha": 10.7,
         "_LearnedData__opponentUtilByTime": [
                  0.717226460886256,
                  0.7175297423126631,
                  0.7111552118257225,
                  0.6133128274790134,
                  0.6389640461502668,
                  0.6357194536298669,
                  0.6131588339497849,
                  0.6516018994777197,
                  0.6276669884705125,
                  0.5615193258866061,
                  0.5485517739340827,
                  0.5457286534898467,
                  0.5213676171612105,
                  0.5390394493579266,
                  0.5245613132466584,
                  0.5503826544732789,
                  0.5665994790736738,
                  0.5817602195110069,
                  0.2939014189703917,
                  0.294211292038162,
                  0.28376008733404406,
                  0.3386536519729699,
                  0.3594018850141629,
                  0.3851094123255753,
                  0.3652128435923701,
                  0.3648793096963942,
                  0.3739881104380678,
                  0.41003689425373213,
                  0.4502408623658581,
                  0.5253222759424528,
                  0.5329726315574097,
                  0.5381625401470256,
                  0.5306018237843256,
                  0.49793872709123366,
                  0.7830047095342643,
                  0.8024700025668446,
                  0.7216750383624573,
                  0.0,
                  0.0,
                  0.0
         ],
         "_LearnedData__opponentMaxReject": [
                  0.3575011816355153,
                  0.4528570293138169,
                  0.37846591612131975,
                  0.4746295508391147,
                  0.3649451395842842,
                  0.45816407284891414,
                  0.4400095845074351,
                  0.4286672971772804,
                  0.36439859564176535,
                  0.3957534345923538,
                  0.36370377502684514,
                  0.364965081019607,
                  0.3368724348811123,
                  0.3414100110126832,
                  0.35906643402523597,
                  0.2893662343046738,
                  0.3143521907548742,
                  0.2958562308529264,
                  0.3099029057218018,
                  0.3023518205353822,
                  0.3735542323927077,
                  0.3796292203335559,
                  0.40080982956773775,
                  0.3868268958700682,
                  0.4995077347115898,
                  0.47074542058954916,
                  0.4998519904925207,
                  0.447844260018334,
                  0.4550674707040881,
                  0.4968831981370322,
                  0.49294313670131673,
                  0.519799155873768,
                  0.5782763270162249,
                  0.5971336561177285,
                  0.27202555579423926,
                  0.2858983356353109,
                  0.24967836959265752,
                  0.0,
                  0.0,
                  40.09299484099281
         ]
}