{
         "_LearnedData__opponentName": null,
         "_LearnedData__avgUtility": 0.6372306838488375,
         "_LearnedData__numEncounters": 43,
         "_LearnedData__avgMaxUtilityOpponent": 0.6372306838488375,
         "_LearnedData__stdUtility": 0.26968298696731874,
         "_LearnedData__negoResults": [
                  0.936910694,
                  0.95814,
                  0.3122175916,
                  0.4272364631,
                  0.4293405683,
                  0.2582460208,
                  0.3313427924,
                  0.5787971571,
                  0.5142312623,
                  0.4293405683,
                  0.3387511396,
                  0.3334468976,
                  0.4659243771,
                  0.4325973911,
                  0.3185171292,
                  0.5787971571,
                  0.307532758,
                  0.3228119156,
                  0.4659243771,
                  0.4939064631,
                  0.307532758,
                  0.4975187879,
                  0.4659243771,
                  0.5142312623,
                  0.5142312623,
                  0.5142312623,
                  0.4329528931,
                  0.9612539584,
                  0.9612539584,
                  0.9612539584,
                  0.9612539584,
                  0.9612539584,
                  0.954963904,
                  0.9612539584,
                  0.978770694,
                  0.5142312623,
                  0.9589412004,
                  0.978770694,
                  0.9589412004,
                  0.9436987116,
                  0.9589412004,
                  0.9589412004,
                  0.9465602612
         ],
         "_LearnedData__avgOpponentUtility": 0.08171235476579063,
         "_LearnedData__opponentAlpha": 4.101442372115642,
         "_LearnedData__opponentUtilByTime": [
                  0.7024208112996512,
                  0.7037082595073916,
                  0.5760039531516764,
                  0.4232886018202141,
                  0.42735973436342467,
                  0.428541637185749,
                  0.42548818477556705,
                  0.42616596842069543,
                  0.4259123432845171,
                  0.42310592405099756,
                  0.4230544633307938,
                  0.4231348610278585,
                  0.42268225170106455,
                  0.42417918144632094,
                  0.3242889543887485,
                  0.1539467459481692,
                  0.15868042786462605,
                  0.15595302203884798,
                  0.15757856533358627,
                  0.16237077577215658,
                  0.18730163527720634,
                  0.23340735228962028,
                  0.23602915473552005,
                  0.23660058846331447,
                  0.17812787438365546,
                  0.16056762114646994,
                  0.15830968513671145,
                  0.16839248636028664,
                  0.1707253623859298,
                  0.6878460934971994,
                  0.7281619876801197,
                  0.7535287047820135,
                  0.742581472040555,
                  0.7783209914168516,
                  0.7668412047192011,
                  0.7859046772341939,
                  0.7067775571398723,
                  0.0,
                  0.0,
                  0.0
         ],
         "_LearnedData__opponentMaxReject": [
                  0.174890495429653,
                  0.254512760323272,
                  0.199507637113347,
                  0.3234850912173809,
                  0.30183064404022647,
                  0.3127205041838885,
                  0.27407815620583637,
                  0.2551068890929287,
                  0.21167021018174423,
                  0.31419534665139603,
                  0.3375999988784699,
                  0.2807708081343464,
                  0.25951512097303703,
                  0.32810829825207843,
                  0.3220192212806894,
                  0.2011611839920268,
                  0.25883828559932975,
                  0.27915481856039337,
                  0.32841006135848916,
                  0.3350979364618498,
                  0.3824597228804262,
                  0.38311619387518675,
                  0.3711057766108142,
                  0.3074103640686673,
                  0.4135031429453052,
                  0.389897240768321,
                  0.358835513791942,
                  0.16515645128798073,
                  0.22675504214160117,
                  0.1410792741571984,
                  0.1326121954606915,
                  0.14547557878891046,
                  0.15128090189846014,
                  0.1467406417874625,
                  0.13307559993154155,
                  0.13986219942833747,
                  0.1221432990972523,
                  0.0,
                  0.0,
                  19.613595957701218
         ]
}