{
     "_NegotiationData__maxReceivedUtil": 0.9453143368,
     "_NegotiationData__agreementUtil": 0.9453143368,
     "_NegotiationData__opponentName": "agents_ANL2022_dreamteam109_agent_dreamteam109_agent_DreamTeam109Agent",
     "_NegotiationData__opponentUtil": 0.9335402101478539,
     "_NegotiationData__opponentMaxReject": [
          0.9409769223467085,
          0.9269800960853624,
          0.8940402643351804,
          0.8733138218063042,
          0.9184743429465279,
          0.8999009792334464,
          0.9191295144627825,
          0.926947969648806,
          0.9399189256288666,
          0.983288890503394,
          0.9494081071632587,
          0.9506470177223517,
          0.9426800537811084,
          0.9630699551434672,
          0.9447380424586485,
          0.9545076397113013,
          0.9903005495600089,
          0.9417046818613575,
          0.9274667263679472,
          0.9679325093208584,
          0.983572237706964,
          0.9211868583363375,
          0.8928211230573861,
          0.8885385195015243,
          0.8827513171349455,
          0.8767642573298037,
          0.8760366412754936,
          0.9224860702137444,
          0.9416076698530256,
          0.9924863460248837,
          0.9512526931433327,
          0.9178729056566435,
          0.9279455645028695,
          0.9259706419705303,
          0.7776048869649995,
          0.9383268465467852,
          0.935827218408295,
          0.0,
          0.0,
          0.0
     ],
     "_NegotiationData__opponentUtilByTime": [
          0.9331184902023668,
          0.9037139165820489,
          0.9050433029905945,
          0.8726174742553529,
          0.8967526756224155,
          0.9034421758483534,
          0.9158336572172379,
          0.9158802189674518,
          0.9185617808641722,
          0.9532967036525775,
          0.9361419801125748,
          0.9124303042028661,
          0.9150759251365533,
          0.9457558639431609,
          0.9272702426868988,
          0.9205281081281083,
          0.9734375261285481,
          0.9354068797791384,
          0.9517492729637118,
          0.9705588970399168,
          0.93152090376653,
          0.9581871258101776,
          0.9286740690108732,
          0.942211921243326,
          0.9585910592276707,
          0.9239475525891936,
          0.9025902411852683,
          0.9162157977328806,
          0.951841061159548,
          0.9836413414566285,
          0.9639415699838066,
          0.9103237536855732,
          0.8953019754141134,
          0.9448799642096344,
          0.8929200650721061,
          0.9202247010049266,
          0.9504678317230845,
          0.0,
          0.0,
          0.0
     ]
}