{
     "_NegotiationData__maxReceivedUtil": 0.7942421228,
     "_NegotiationData__agreementUtil": 0.7942421228,
     "_NegotiationData__opponentName": "agents_ANL2022_dreamteam109_agent_dreamteam109_agent_DreamTeam109Agent",
     "_NegotiationData__opponentUtil": 0.531460402156026,
     "_NegotiationData__opponentMaxReject": [
          0.13970117207834537,
          0.349873006375577,
          0.35023205627869464,
          0.3510982106762504,
          0.35140789580276466,
          0.35186838239753304,
          0.352641409870021,
          0.35277477313205874,
          0.3530859444276811,
          0.3543173992759309,
          0.35479111184186063,
          0.3553919216589688,
          0.3558190124692145,
          0.3556673672792896,
          0.3559497801559306,
          0.3565113590235395,
          0.3566450577850949,
          0.49763196532571713,
          0.4975305791315763,
          0.3609612851756026,
          0.3997856765362306,
          0.49672273085727675,
          0.5010555543114575,
          0.6257853593625196,
          0.6260037073928666,
          0.6255643144539562,
          0.6253756081616256,
          0.6251085566988249,
          0.6251408664420646,
          0.761058658730139,
          0.6258655169646681,
          0.6149022594785092,
          0.7603009507491937,
          0.5481756946855616,
          0.0,
          0.0,
          0.0,
          0.0,
          0.0,
          0.0
     ],
     "_NegotiationData__opponentUtilByTime": [
          1.0,
          1.0,
          0.9299564636210443,
          0.7164279638659568,
          0.5701362794418792,
          0.5710898246426281,
          0.5722795319200612,
          0.5712628486125154,
          0.5718685418893744,
          0.5678843865166258,
          0.569409008949595,
          0.5579144888311025,
          0.5592149659919595,
          0.5605597092064903,
          0.38215172650520773,
          0.5631318601992101,
          0.5645971008451183,
          0.5634209521280074,
          0.2871642803049182,
          0.1529082664813273,
          0.1548015373212788,
          0.15261693133003368,
          0.15644016919350942,
          0.1613788241018542,
          0.2884130686557974,
          0.40860899997220296,
          0.4016300804820571,
          0.4039705029795435,
          0.15887819454525218,
          0.1636886878002541,
          0.2868721523171107,
          0.289201026684591,
          0.29213590044134524,
          0.531460402156026,
          0.0,
          0.0,
          0.0,
          0.0,
          0.0,
          0.0
     ]
}