{
     "_NegotiationData__maxReceivedUtil": 0.8753730892,
     "_NegotiationData__agreementUtil": 0.8753730892,
     "_NegotiationData__opponentName": "agents_ANL2022_dreamteam109_agent_dreamteam109_agent_DreamTeam109Agent",
     "_NegotiationData__opponentUtil": 0.5172077572026732,
     "_NegotiationData__opponentMaxReject": [
          0.5525994418333564,
          0.5503470233593428,
          0.5014653015803334,
          0.5893893037990899,
          0.6200728518177888,
          0.6205543367752643,
          0.6122515452596428,
          0.5466343601811771,
          0.5879650912676119,
          0.5841257848897172,
          0.5493744709657378,
          0.478640918272349,
          0.6001279464990631,
          0.6180563300040964,
          0.5955527950662686,
          0.6394514000492942,
          0.6363065061922762,
          0.6966667547138445,
          0.7150859897783036,
          0.6049888886194273,
          0.6208653232679353,
          0.6729987519921498,
          0.6543791812980791,
          0.6387723259926169,
          0.6256469704125963,
          0.6198402325373066,
          0.6156054576247075,
          0.6014791155459466,
          0.7200943167652615,
          0.5764738249120237,
          0.5500305188292927,
          0.5571097333658048,
          0.6853917286349657,
          0.7361722591515072,
          0.0,
          0.0,
          0.0,
          0.0,
          0.0,
          0.0
     ],
     "_NegotiationData__opponentUtilByTime": [
          0.8520759389052697,
          0.8670966496882425,
          0.8796641211695312,
          0.7514940318511042,
          0.7039237296490639,
          0.7705178533165705,
          0.7679661649226546,
          0.7541814027831965,
          0.7412517497900267,
          0.7402264857505354,
          0.7405953781710912,
          0.7150387193467489,
          0.7179040981702463,
          0.7097904128931657,
          0.7168290061757361,
          0.7265961477469907,
          0.7438593336061385,
          0.7605032586877674,
          0.7154917197553377,
          0.6432792636542741,
          0.6339030914744461,
          0.6289582445967404,
          0.6269112782684082,
          0.6198791779531625,
          0.6155860440798337,
          0.6202690658456192,
          0.562790854805666,
          0.5292894496308295,
          0.5151770423845234,
          0.501560409575427,
          0.5102759662168784,
          0.5237674270923216,
          0.5351462698060603,
          0.5172077572026732,
          0.0,
          0.0,
          0.0,
          0.0,
          0.0,
          0.0
     ]
}