{
     "_NegotiationData__maxReceivedUtil": 0.9530274604,
     "_NegotiationData__agreementUtil": 0.9530274604,
     "_NegotiationData__opponentName": "agents_ANL2022_dreamteam109_agent_dreamteam109_agent_DreamTeam109Agent",
     "_NegotiationData__opponentUtil": 0.5683590242490524,
     "_NegotiationData__opponentMaxReject": [
          0.42799252817925615,
          0.4334382440991974,
          0.4628246729504673,
          0.5256449535264963,
          0.4892620934347117,
          0.47128857270199986,
          0.45611834768537723,
          0.43228740970146345,
          0.3186873032032405,
          0.4149628178349315,
          0.3132396856669748,
          0.30415830149617035,
          0.2950428424365108,
          0.2796549770220036,
          0.37569017956275663,
          0.37304677763743127,
          0.37087850964335856,
          0.2512423770463808,
          0.2602888605629819,
          0.2653140453263137,
          0.2763707863453742,
          0.2827590151773843,
          0.28947340823352685,
          0.48602327959213504,
          0.5487578875305398,
          0.45033773031271046,
          0.5649461701289935,
          0.5378337951106463,
          0.4588385553203417,
          0.5431298405136357,
          0.6042499793912176,
          0.6325060739393151,
          0.7971336764176972,
          0.836499358482229,
          0.0,
          0.0,
          0.0,
          0.0,
          0.0,
          0.0
     ],
     "_NegotiationData__opponentUtilByTime": [
          0.834397018463633,
          0.8431536286150405,
          0.8641106070585749,
          0.7248149650190157,
          0.8538856760869767,
          0.8436080363860109,
          0.8372550505448002,
          0.8318216387494818,
          0.741564889882912,
          0.6389459589857274,
          0.56558865361767,
          0.6042728121037605,
          0.45630588506984965,
          0.4872996972817036,
          0.5229491124785102,
          0.6998517099228415,
          0.74210494429902,
          0.7847926893507171,
          0.3508789929707574,
          0.40428407590218945,
          0.4578213287721902,
          0.5912235035676427,
          0.6254549570590605,
          0.6759559351488882,
          0.49659435882090747,
          0.5376815364620982,
          0.5783240071504971,
          0.6801568073288223,
          0.780180637478074,
          0.788170399155387,
          0.8003534010633439,
          0.8127112892357545,
          0.8252491291915574,
          0.5683590242490524,
          0.0,
          0.0,
          0.0,
          0.0,
          0.0,
          0.0
     ]
}