{
     "_NegotiationData__maxReceivedUtil": 0.936910694,
     "_NegotiationData__agreementUtil": 0.936910694,
     "_NegotiationData__opponentName": "agents_ANL2022_dreamteam109_agent_dreamteam109_agent_DreamTeam109Agent",
     "_NegotiationData__opponentUtil": 0.5798978645240973,
     "_NegotiationData__opponentMaxReject": [
          0.3291450408750737,
          0.6419692793854943,
          0.6199478874621668,
          0.35598267559117286,
          0.609232641468141,
          0.6458280143506299,
          0.6082838543490096,
          0.6589223704378185,
          0.7439527351380375,
          0.6745271171240054,
          0.7319221227234431,
          0.6712730425401547,
          0.7254646567019959,
          0.7839911558968327,
          0.6271434852362551,
          0.6602652519318432,
          0.7543137682086356,
          0.8312433525016907,
          0.890975660163949,
          0.84191661999452,
          0.8925397417430955,
          0.8872655971888235,
          0.8353976203797004,
          0.826865080995533,
          0.8371008970347342,
          0.8184543079841378,
          0.8476975158750446,
          0.7761514585210024,
          0.7811771852408295,
          0.8395150363094999,
          0.7916835334079876,
          0.7085877458692866,
          0.761296253214061,
          0.8159303960408532,
          0.7462130760266196,
          0.7417706004657064,
          0.7375914192296713,
          0.3405380970449528,
          0.0,
          0.0
     ],
     "_NegotiationData__opponentUtilByTime": [
          0.8085571732587469,
          0.8639971696300979,
          0.8723469821003271,
          0.8103021492525365,
          0.7596189819514272,
          0.7824396873270751,
          0.5605696192878982,
          0.6215171995896518,
          0.6413425262521937,
          0.6627611453116056,
          0.6987256596545597,
          0.6190413896089475,
          0.6321217165151957,
          0.6584709252704996,
          0.6585676939832226,
          0.6645925837272965,
          0.682313054728168,
          0.7155474949201297,
          0.5744748492366762,
          0.6679965309447592,
          0.7070069805630004,
          0.7494793770712109,
          0.7859276395567941,
          0.7949017394769361,
          0.8045584630404466,
          0.8154517238393824,
          0.8347188796499465,
          0.8443881233615439,
          0.8480342037759686,
          0.8525189438461768,
          0.857779906754608,
          0.6955840529923336,
          0.6966387634711246,
          0.6996284211778103,
          0.7028277359570937,
          0.7068712689690875,
          0.711712745477888,
          0.5798978645240973,
          0.0,
          0.0
     ]
}